Filename,Timestamp,Size
20220923T202935Z0001.jpg,2022-09-23 20:29,163K
20220924T202935Z0001.jpg,2022-09-24 20:29,149K
20220925T202935Z0001.jpg,2022-09-25 20:29,148K
20220926T202934Z0001.jpg,2022-09-26 20:29,160K
20220927T202935Z0001.jpg,2022-09-27 20:29,176K
20220928T202935Z0001.jpg,2022-09-28 20:29,146K
20220929T202935Z0001.jpg,2022-09-29 20:29,163K
20220930T202943Z0001.jpg,2022-09-30 20:29,138K
20221001T202935Z0001.jpg,2022-10-01 20:29,140K
20221002T202934Z0001.jpg,2022-10-02 20:29,146K
20221003T202935Z0001.jpg,2022-10-03 20:29,147K
20221004T202935Z0001.jpg,2022-10-04 20:29,166K
20221005T202934Z0001.jpg,2022-10-05 20:29,170K
20221006T202934Z0001.jpg,2022-10-06 20:29,177K
20221007T202934Z0001.jpg,2022-10-07 20:29,155K
20221008T202935Z0001.jpg,2022-10-08 20:29,163K
20221009T202935Z0001.jpg,2022-10-09 20:29,139K
20221010T202934Z0001.jpg,2022-10-10 20:29,132K
20221011T202935Z0001.jpg,2022-10-11 20:29,156K
20221012T202935Z0001.jpg,2022-10-12 20:29,150K
20221013T202935Z0001.jpg,2022-10-13 20:29,139K
20221014T202935Z0001.jpg,2022-10-14 20:29,155K
20221015T202935Z0001.jpg,2022-10-15 20:29,146K
20221016T202935Z0001.jpg,2022-10-16 20:29,149K
20221017T202935Z0001.jpg,2022-10-17 20:29,172K
20221018T202935Z0001.jpg,2022-10-18 20:29,157K
20221020T202934Z0001.jpg,2022-10-20 20:29,155K
20221021T202935Z0001.jpg,2022-10-21 20:29,159K
20221022T202934Z0001.jpg,2022-10-22 20:29,131K
20221023T202934Z0001.jpg,2022-10-23 20:29,154K
20221024T202935Z0001.jpg,2022-10-24 20:29,132K
20221025T202935Z0001.jpg,2022-10-25 20:29,158K
20221026T202935Z0001.jpg,2022-10-26 20:29,149K
20221027T202935Z0001.jpg,2022-10-27 20:29,138K
20221028T202935Z0001.jpg,2022-10-28 20:29,164K
20221029T202935Z0001.jpg,2022-10-29 20:29,155K
20221030T202935Z0001.jpg,2022-10-30 20:29,160K
20221031T202935Z0001.jpg,2022-10-31 20:29,154K
20221101T202935Z0001.jpg,2022-11-01 20:29,163K
20221102T202934Z0001.jpg,2022-11-02 20:29,142K
20221103T202934Z0001.jpg,2022-11-03 20:29,149K
20221104T202935Z0001.jpg,2022-11-04 20:29,162K
20221105T202934Z0001.jpg,2022-11-05 20:29,131K
20221106T202935Z0001.jpg,2022-11-06 20:29,136K
20221107T202935Z0001.jpg,2022-11-07 20:29,137K
20221108T202935Z0001.jpg,2022-11-08 20:29,139K
20221109T202935Z0001.jpg,2022-11-09 20:29,151K
20221110T202935Z0001.jpg,2022-11-10 20:29,141K
20221111T202935Z0001.jpg,2022-11-11 20:29,141K
20221112T202935Z0001.jpg,2022-11-12 20:29,150K
20221113T202935Z0001.jpg,2022-11-13 20:29,144K
20221114T202935Z0001.jpg,2022-11-14 20:29,144K
20221115T202935Z0001.jpg,2022-11-15 20:29,143K
20221116T202935Z0001.jpg,2022-11-16 20:29,146K
20221117T202935Z0001.jpg,2022-11-17 20:29,162K
20221118T202935Z0001.jpg,2022-11-18 20:29,148K
20221119T202935Z0001.jpg,2022-11-19 20:29,163K
20221120T202935Z0001.jpg,2022-11-20 20:29,132K
20221121T202935Z0001.jpg,2022-11-21 20:29,134K
20221122T202934Z0001.jpg,2022-11-22 20:29,132K
20221123T202935Z0001.jpg,2022-11-23 20:29,149K
20221124T202935Z0001.jpg,2022-11-24 20:29,151K
20221125T202935Z0001.jpg,2022-11-25 20:29,146K
20221126T202934Z0001.jpg,2022-11-26 20:29,145K
20221127T202935Z0001.jpg,2022-11-27 20:29,162K
20221128T202935Z0001.jpg,2022-11-28 20:29,161K
20221129T202934Z0001.jpg,2022-11-29 20:29,157K
20221130T202934Z0001.jpg,2022-11-30 20:29,176K
20221201T202935Z0001.jpg,2022-12-01 20:29,139K
20221202T202935Z0001.jpg,2022-12-02 20:29,149K
